-- phpMyAdmin SQL Dump
-- version 4.9.0.1
-- https://www.phpmyadmin.net/
--
-- Host: sql307.ezyro.com
-- Generation Time: Jan 19, 2024 at 01:01 AM
-- Server version: 10.4.17-MariaDB
-- PHP Version: 7.2.22

SET SQL_MODE = "NO_AUTO_VALUE_ON_ZERO";
SET AUTOCOMMIT = 0;
START TRANSACTION;
SET time_zone = "+00:00";


/*!40101 SET @OLD_CHARACTER_SET_CLIENT=@@CHARACTER_SET_CLIENT */;
/*!40101 SET @OLD_CHARACTER_SET_RESULTS=@@CHARACTER_SET_RESULTS */;
/*!40101 SET @OLD_COLLATION_CONNECTION=@@COLLATION_CONNECTION */;
/*!40101 SET NAMES utf8mb4 */;

--
-- Database: `ezyro_35778514_cineplex`
--

-- --------------------------------------------------------

--
-- Table structure for table `accounts`
--

CREATE TABLE `accounts` (
  `id` int(11) NOT NULL,
  `invoice_number` varchar(100) NOT NULL,
  `reserve_date` date NOT NULL,
  `customer_name` varchar(100) NOT NULL,
  `customer_mobile` varchar(11) NOT NULL,
  `Show_Information` varchar(100) NOT NULL,
  `seat_number` varchar(100) NOT NULL,
  `Ticket_Price` decimal(10,2) NOT NULL,
  `Total_Seats` int(10) NOT NULL,
  `Sub_Total` decimal(10,2) NOT NULL
) ENGINE=InnoDB DEFAULT CHARSET=utf8mb4;

--
-- Dumping data for table `accounts`
--

INSERT INTO `accounts` (`id`, `invoice_number`, `reserve_date`, `customer_name`, `customer_mobile`, `Show_Information`, `seat_number`, `Ticket_Price`, `Total_Seats`, `Sub_Total`) VALUES
(1, '59', '2024-01-03', 'SABIR', '01799005426', 'DUNKI - 06:00 PM', 'A5, A6, A7', '400.00', 3, '1200.00'),
(2, '60', '2024-01-03', 'RAJJAK', '01819262030', 'DUNKI - 06:00 PM', 'A8, A9', '400.00', 2, '800.00'),
(3, '61', '2024-01-03', 'ARMAN', '01738133526', 'DUNKI - 06:00 PM', 'A3, A4', '400.00', 2, '800.00'),
(4, '62', '2024-01-03', 'DR.ARMAN', '01738133526', 'DUNKI - 06:00 PM', 'H6, H7', '400.00', 2, '800.00'),
(5, '63', '2024-01-03', 'sI8R', '01911946693', 'DUNKI - 06:00 PM', '00000', '0.00', 0, '0.00'),
(6, '64', '2024-01-04', 'JARIF', '01791111174', 'DUNKI - 06:00 PM', 'J7, J8, J9', '350.00', 3, '1050.00'),
(7, '65', '2024-01-04', 'AZAD', '01716947474', 'DUNKI - 06:00 PM', 'C1, C2, C3, C4, C5, C6, C7, C8, C9, C10, C11, C12, C13, D1, D2', '400.00', 15, '6000.00'),
(8, '66', '2024-01-04', 'RAFAT', '01686669181', 'DUNKI - 06:00 PM', 'J5, J6', '350.00', 2, '700.00'),
(9, '67', '2024-01-04', 'FAHIM', '01319970366', 'DUNKI - 06:00 PM', 'F6, F7', '400.00', 2, '800.00'),
(10, '68', '2024-01-04', 'BIJOY', '01686669182', 'DUNKI - 06:00 PM', 'G5, G6', '400.00', 2, '800.00'),
(11, '69', '2024-01-04', 'AZAD', '01716947474', 'DUNKI - 06:00 PM', 'D3, D4, D5, D6, D7', '400.00', 5, '2000.00'),
(13, '70', '2024-01-05', 'MR.DON', '01877766952', 'DUNKI - 03:00 PM', 'C6, C7, C8', '400.00', 3, '1200.00'),
(14, '71', '2024-01-05', 'DEBASIS', '01711504355', 'DUNKI - 03:00 PM', 'C3, C4', '400.00', 2, '800.00'),
(15, '72', '2024-01-05', 'TAMANNA', '01716902227', 'DUNKI - 03:00 PM', 'C9, C10, C11, C12', '400.00', 4, '1600.00'),
(16, '65', '2024-01-05', 'PARVEJ', '01816647810', 'DUNKI - 06:00 PM', 'C9, C10, C11', '400.00', 3, '1200.00'),
(17, '66', '2024-01-05', 'ABDULLAH', '01707094592', 'DUNKI - 06:00 PM', 'VIP5, VIP6', '700.00', 2, '1400.00'),
(18, '67', '2024-01-05', 'WAHID', '01717139969', 'DUNKI - 06:00 PM', 'D7, D8', '400.00', 2, '800.00'),
(19, '68', '2024-01-05', 'JOTYE', '01717601149', 'DUNKI - 06:00 PM', 'J1, J2, J3', '350.00', 3, '1050.00'),
(20, '80', '2024-01-05', 'MUSFIK', '01704922043', 'DUNKI - 06:00 PM', 'D5,D6', '400.00', 2, '800.00'),
(21, '70', '2024-01-05', 'MASUD', '01714460835', 'DUNKI - 06:00 PM', 'B10, B11, B12, B13', '400.00', 4, '1600.00'),
(22, '71', '2024-01-05', 'ARIF', '01711066780', 'DUNKI - 06:00 PM', 'B6, B7, B8, B9', '400.00', 4, '1600.00'),
(23, '81', '2024-01-05', 'DR. ATIK', '01733261975', 'DUNKI - 06:00 PM', 'E1, E2, E3, E4, E5', '400.00', 5, '2000.00'),
(24, '82', '2024-01-06', 'SADAF', '01706507540', 'DUNKI - 03:00 PM', 'C5, C6, C7', '400.00', 3, '1200.00'),
(25, '83', '2024-01-06', 'ARIAN', '01303312207', 'DUNKI - 03:00 PM', 'D6,D7', '400.00', 2, '800.00'),
(26, '84', '2024-01-06', 'MR.ARIF', '01621312501', 'DUNKI - 03:00 PM', 'J8, J9', '350.00', 2, '700.00'),
(27, '85', '2024-01-07', 'Dr. Asif Khan', '01710684598', 'DUNKI - 06:00 PM', 'H8, H9', '400.00', 2, '800.00'),
(28, '86', '2024-01-07', 'MR.ABU FARDIN', '01842451182', 'DUNKI - 06:00 PM', 'VIP5, VIP6', '700.00', 2, '1400.00'),
(29, '87', '2024-01-07', 'MR.JESMIN', '01729675651', 'DUNKI - 06:00 PM', 'D6, D7', '400.00', 2, '800.00'),
(30, '88', '2024-01-07', 'MR. NASIM', '01714460355', 'DUNKI - 06:00 PM', 'E5, E6, E7', '400.00', 3, '1200.00'),
(31, '89', '2024-01-07', 'MRS. TWINKLE', '01706072551', 'DUNKI - 06:00 PM', 'F5, F6, F7, F8, F9', '400.00', 5, '2000.00'),
(32, '90', '2024-01-09', 'AKTER HOSSAIN', '01781651829', 'DUNKI - 06:00 PM', 'C6', '400.00', 1, '400.00'),
(33, '91', '2024-01-09', 'PRIANKA', '01321146066', 'DUNKI - 06:00 PM', 'C8, C9', '400.00', 2, '800.00'),
(34, '92', '2024-01-10', 'IT MANAGER', '01911946693', 'ANIMAL - 03:00 PM', 'A5, A6', '0.00', 2, '0.00'),
(35, '94', '2024-01-10', 'ASHIK SIR', '01727371452', 'DUNKI - 06:00 PM', 'C5, C6, C7, C8, C9', '400.00', 5, '2000.00'),
(36, '95', '2024-01-10', 'ASHIK SIR', '01727371452', 'DUNKI - 06:00 PM', 'B4, B5, B6, B7, B8, B9', '400.00', 6, '2400.00'),
(37, '96', '2024-01-10', 'MR.EMON', '01752742020', 'DUNKI - 06:00 PM', 'H7, H8', '400.00', 2, '800.00'),
(38, '97', '2024-01-12', 'MST.BUBLI', '01765919293', 'ANIMAL - 06:00 PM', 'D11, D12, D13', '400.00', 3, '1200.00'),
(39, '98', '2024-01-12', 'MR. MITHU', '01919391189', 'ANIMAL - 06:00 PM', 'B6, B7', '400.00', 2, '800.00'),
(40, '99', '2024-01-11', 'MR.ARIFUL ', '01711022260', 'DUNKI - 2024-01-11-06:00 PM', 'C4, C5, C6, C7, C8', '400.00', 5, '2000.00'),
(41, '100', '2024-01-11', 'MS. SHAKILA', '01747659755', 'DUNKI - 2024-01-11-06:00 PM', 'D6, D7', '400.00', 2, '800.00'),
(42, '101', '2024-01-12', 'MD.MUJAZID', '01614754705', 'ANIMAL - 03:00 PM', 'B12, B13', '400.00', 2, '800.00'),
(43, '102', '2024-01-12', 'ISRAT', '01719550642', 'ANIMAL - 03:00 PM', 'D6, D7', '400.00', 2, '800.00'),
(44, '103', '2024-01-12', 'RUHI', '01317098555', 'ANIMAL - 03:00 PM', 'C6, C7, C8', '400.00', 3, '1200.00'),
(45, '104', '2024-01-12', 'TAMANA', '01716902227', 'ANIMAL - 03:00 PM', 'C9, C10, C11', '400.00', 3, '1200.00'),
(46, '105', '2024-01-12', 'MR.ATIKUR', '01716077346', 'ANIMAL - 03:00 PM', 'D8, D9, D10', '400.00', 3, '1200.00'),
(47, '106', '2024-01-12', 'AKM. OLIUL ISLAM', '01712171788', 'ANIMAL - 06:00 PM', 'C6, C7', '400.00', 2, '800.00'),
(48, '107', '2024-01-12', 'MR.TOPU', '01721207384', 'ANIMAL - 06:00 PM', 'C8, C9', '400.00', 2, '800.00'),
(49, '108', '2024-01-12', 'ZARIN', '01798101340', 'ANIMAL - 06:00 PM', 'C4, C5', '400.00', 2, '800.00'),
(50, '109', '2024-01-12', 'MR.MASUD ', '01746856809', 'ANIMAL - 06:00 PM', 'C10, C11, C12, C13', '400.00', 4, '1600.00'),
(51, '110', '2024-01-14', 'MR.NURUL', '01783988776', 'ANIMAL - 03:00 PM', 'C6, C7', '400.00', 2, '800.00'),
(52, '111', '2024-01-14', 'MR.RIMON', '01752742020', 'ANIMAL - 03:00 PM', 'B6, B7', '400.00', 2, '800.00'),
(53, '112', '2024-01-14', 'MR.Ragib', '01629782007', 'ANIMAL - 06:00 PM', 'J5, J6, J7', '350.00', 3, '1050.00'),
(54, '113', '2024-01-16', 'AZAD', '01716947474', 'ANIMAL - 06:00 PM', 'C3, C4, C5, C6, C7, C8, C9, C10', '400.00', 8, '3200.00'),
(55, '114', '2024-01-16', 'MR. SHAKIL', '01627870824', 'ANIMAL - 06:00 PM', 'B6', '400.00', 1, '400.00'),
(56, '115', '2024-01-16', 'MR. SUBOJ', '01751670971', 'ANIMAL - 06:00 PM', 'D5, D6, D7', '0.00', 0, '0.00'),
(57, '116', '2024-01-16', 'MR. SHOBUJ', '01751670971', 'ANIMAL - 06:00 PM', 'VIP13, VIP14, VIP15', '700.00', 3, '2100.00'),
(58, '117', '2024-01-19', 'MR.WASIF', '01746857273', 'HUBBA - 06:00 PM', 'B6, B7, B8', '400.00', 3, '1200.00'),
(59, '118', '2024-01-18', 'MR. ARIYAN', '01794007851', 'ANIMAL - 03:00 PM', 'C6, C7', '400.00', 2, '800.00'),
(60, '119', '2024-01-17', 'MR. BAPPY', '01740216592', 'ANIMAL - 06:00 PM', 'C6, C7', '400.00', 2, '800.00'),
(61, '120', '2024-01-17', 'SIFAT', '01877766977', 'ANIMAL - 06:00 PM', 'B6', '400.00', 1, '400.00'),
(62, '121', '2024-01-18', 'MR. MOON ISLAM', '01745773717', 'ANIMAL - 03:00 PM', 'D6', '400.00', 1, '400.00'),
(63, '122', '2024-01-17', 'MR. MEHERAB', '01920430727', 'ANIMAL - 06:00 PM', 'C8', '400.00', 1, '400.00'),
(64, '123', '2024-01-18', 'POSPO', '01768990109', 'ANIMAL - 03:00 PM', 'D8, D9', '400.00', 2, '800.00'),
(65, '124', '2024-01-18', 'MR. EVAN', '01328942676', 'ANIMAL - 03:00 PM', 'C4', '400.00', 1, '400.00'),
(66, '125', '2024-01-18', 'MR. AKIB', '01710244164', 'ANIMAL - 03:00 PM', 'E6, E7', '400.00', 2, '800.00'),
(67, '126', '2024-01-18', 'ANIKA', '01700950889', 'ANIMAL - 03:00 PM', 'E8, E9', '400.00', 2, '800.00'),
(68, '127', '2024-01-18', 'MR. ISTIAK', '01759537948', 'ANIMAL - 03:00 PM', 'E4', '400.00', 1, '400.00'),
(69, '128', '2024-01-19', 'MR. SHOHAG', '01736236717', 'HUBBA - 03:00 PM', 'C6, C7', '400.00', 2, '800.00');

-- --------------------------------------------------------

--
-- Table structure for table `homepage`
--

CREATE TABLE `homepage` (
  `id` int(11) NOT NULL,
  `poster` varchar(500) NOT NULL,
  `Show_Name` varchar(100) NOT NULL,
  `Show_Date` varchar(50) NOT NULL,
  `Show_Time` varchar(100) NOT NULL,
  `Status` int(10) NOT NULL DEFAULT 1
) ENGINE=InnoDB DEFAULT CHARSET=utf8mb4;

--
-- Dumping data for table `homepage`
--

INSERT INTO `homepage` (`id`, `poster`, `Show_Name`, `Show_Date`, `Show_Time`, `Status`) VALUES
(1, 'Assets/Add1.jpg', 'DUNKI', 'Ended', '03:00 PM, 06:00 PM, 09:00PM', 2),
(2, 'Assets/Add2.jpg', 'ANIMAL', 'Running', '03:00 PM, 06:00 PM, 09:00PM', 1),
(3, 'Assets/Add3.jpg', 'HUBBA', 'Coming on 19-01-2024', '03:00 PM, 06:00 PM, 09:00PM', 1),
(4, 'Assets/Add4.jpg', 'FIGHTER', 'Coming on 25-01-2024', '03:00 PM, 06:00 PM, 09:00PM', 1);

-- --------------------------------------------------------

--
-- Table structure for table `moviename`
--

CREATE TABLE `moviename` (
  `id` int(11) NOT NULL,
  `MovieName` varchar(100) NOT NULL,
  `Status` int(10) NOT NULL DEFAULT 1
) ENGINE=InnoDB DEFAULT CHARSET=utf8mb4;

--
-- Dumping data for table `moviename`
--

INSERT INTO `moviename` (`id`, `MovieName`, `Status`) VALUES
(1, 'DUNKI', 2),
(2, 'ANIMAL', 1),
(3, 'HUBBA', 1),
(4, 'FIGHTER', 1);

-- --------------------------------------------------------

--
-- Table structure for table `reservation`
--

CREATE TABLE `reservation` (
  `id` int(11) NOT NULL,
  `invoice_number` int(11) NOT NULL,
  `reserve_date` date NOT NULL,
  `customer_name` varchar(255) NOT NULL,
  `customer_mobile` int(11) NOT NULL,
  `movie_name` int(10) NOT NULL,
  `show_time` int(10) NOT NULL,
  `sitcategory` int(10) NOT NULL,
  `seat_number` text NOT NULL
) ENGINE=InnoDB DEFAULT CHARSET=utf8;

--
-- Dumping data for table `reservation`
--

INSERT INTO `reservation` (`id`, `invoice_number`, `reserve_date`, `customer_name`, `customer_mobile`, `movie_name`, `show_time`, `sitcategory`, `seat_number`) VALUES
(1, 59, '2024-01-03', 'SABIR', 1799005426, 1, 2, 2, 'A5'),
(2, 59, '2024-01-03', 'SABIR', 1799005426, 1, 2, 2, 'A6'),
(3, 59, '2024-01-03', 'SABIR', 1799005426, 1, 2, 2, 'A7'),
(4, 60, '2024-01-03', 'RAJJAK', 1819262030, 1, 2, 2, 'A8'),
(5, 60, '2024-01-03', 'RAJJAK', 1819262030, 1, 2, 2, 'A9'),
(6, 61, '2024-01-03', 'ARMAN', 1738133526, 1, 2, 2, 'A3'),
(7, 61, '2024-01-03', 'ARMAN', 1738133526, 1, 2, 2, 'A4'),
(8, 62, '2024-01-03', 'DR.ARMAN', 1738133526, 1, 2, 2, 'H6'),
(9, 62, '2024-01-03', 'DR.ARMAN', 1738133526, 1, 2, 2, 'H7'),
(10, 63, '2024-01-03', 'sI8R', 1911946693, 1, 2, 3, '0'),
(11, 63, '2024-01-03', 'sI8R', 1911946693, 1, 2, 3, '0'),
(12, 63, '2024-01-03', 'sI8R', 1911946693, 0, 0, 0, '0'),
(13, 64, '2024-01-04', 'JARIF', 1791111174, 1, 2, 1, 'J7'),
(14, 64, '2024-01-04', 'JARIF', 1791111174, 1, 2, 1, 'J8'),
(15, 64, '2024-01-04', 'JARIF', 1791111174, 1, 2, 1, 'J9'),
(16, 65, '2024-01-04', 'AZAD', 1716947474, 1, 2, 2, 'C1'),
(17, 65, '2024-01-04', 'AZAD', 1716947474, 1, 2, 2, 'C2'),
(18, 65, '2024-01-04', 'AZAD', 1716947474, 1, 2, 2, 'C3'),
(19, 65, '2024-01-04', 'AZAD', 1716947474, 1, 2, 2, 'C4'),
(20, 65, '2024-01-04', 'AZAD', 1716947474, 1, 2, 2, 'C5'),
(21, 65, '2024-01-04', 'AZAD', 1716947474, 1, 2, 2, 'C6'),
(22, 65, '2024-01-04', 'AZAD', 1716947474, 1, 2, 2, 'C7'),
(23, 65, '2024-01-04', 'AZAD', 1716947474, 1, 2, 2, 'C8'),
(24, 65, '2024-01-04', 'AZAD', 1716947474, 1, 2, 2, 'C9'),
(25, 65, '2024-01-04', 'AZAD', 1716947474, 1, 2, 2, 'C10'),
(26, 65, '2024-01-04', 'AZAD', 1716947474, 1, 2, 2, 'C11'),
(27, 65, '2024-01-04', 'AZAD', 1716947474, 1, 2, 2, 'C12'),
(28, 65, '2024-01-04', 'AZAD', 1716947474, 1, 2, 2, 'C13'),
(29, 65, '2024-01-04', 'AZAD', 1716947474, 1, 2, 2, 'D1'),
(30, 65, '2024-01-04', 'AZAD', 1716947474, 1, 2, 2, 'D2'),
(31, 66, '2024-01-04', 'RAFAT', 1686669181, 1, 2, 1, 'G5'),
(32, 66, '2024-01-04', 'RAFAT', 1686669181, 1, 2, 1, 'G6'),
(33, 66, '2024-01-04', 'RAFAT', 1686669181, 1, 2, 1, 'J5'),
(34, 66, '2024-01-04', 'RAFAT', 1686669181, 1, 2, 1, 'J6'),
(35, 67, '2024-01-04', 'FAHIM', 1319970366, 1, 2, 2, 'F6'),
(36, 67, '2024-01-04', 'FAHIM', 1319970366, 1, 2, 2, 'F7'),
(37, 69, '2024-01-04', 'AZAD', 1716947474, 1, 2, 1, 'D3'),
(38, 69, '2024-01-04', 'AZAD', 1716947474, 1, 2, 1, 'D4'),
(39, 69, '2024-01-04', 'AZAD', 1716947474, 1, 2, 1, 'D5'),
(40, 69, '2024-01-04', 'AZAD', 1716947474, 1, 2, 1, 'D6'),
(41, 69, '2024-01-04', 'AZAD', 1716947474, 1, 2, 1, 'D7'),
(42, 70, '2024-01-04', 'AZAD', 1716947474, 1, 2, 1, 'D3'),
(43, 70, '2024-01-04', 'AZAD', 1716947474, 1, 2, 1, 'D4'),
(44, 70, '2024-01-04', 'AZAD', 1716947474, 1, 2, 1, 'D5'),
(45, 70, '2024-01-04', 'AZAD', 1716947474, 1, 2, 1, 'D6'),
(46, 70, '2024-01-04', 'AZAD', 1716947474, 1, 2, 1, 'D7'),
(47, 70, '2024-01-05', 'MR.DON', 1877766952, 1, 1, 2, 'C6'),
(48, 70, '2024-01-05', 'MR.DON', 1877766952, 1, 1, 2, 'C7'),
(49, 70, '2024-01-05', 'MR.DON', 1877766952, 1, 1, 2, 'C8'),
(50, 71, '2024-01-05', 'DEBASIS', 1711504355, 1, 1, 2, 'C3'),
(51, 71, '2024-01-05', 'DEBASIS', 1711504355, 1, 1, 2, 'C4'),
(52, 72, '2024-01-05', 'TAMANNA', 1716902227, 1, 1, 2, 'C9'),
(53, 72, '2024-01-05', 'TAMANNA', 1716902227, 1, 1, 2, 'C10'),
(54, 72, '2024-01-05', 'TAMANNA', 1716902227, 1, 1, 2, 'C11'),
(55, 72, '2024-01-05', 'TAMANNA', 1716902227, 1, 1, 2, 'C12'),
(56, 65, '2024-01-05', 'PARVEJ', 1816647810, 1, 2, 2, 'C9'),
(57, 65, '2024-01-05', 'PARVEJ', 1816647810, 1, 2, 2, 'C10'),
(58, 65, '2024-01-05', 'PARVEJ', 1816647810, 1, 2, 2, 'C11'),
(59, 66, '2024-01-05', 'ABDULLAH', 1707094592, 1, 2, 3, 'VIP5'),
(60, 66, '2024-01-05', 'ABDULLAH', 1707094592, 1, 2, 3, 'VIP6'),
(61, 67, '2024-01-05', 'WAHID', 1717139969, 1, 2, 2, 'D7'),
(62, 67, '2024-01-05', 'WAHID', 1717139969, 1, 2, 2, 'D8'),
(63, 68, '2024-01-05', 'JOTYE', 1717601149, 1, 2, 1, 'J1'),
(64, 68, '2024-01-05', 'JOTYE', 1717601149, 1, 2, 1, 'J2'),
(65, 68, '2024-01-05', 'JOTYE', 1717601149, 1, 2, 1, 'J3'),
(66, 80, '2024-01-05', 'MUSFIK', 1704922043, 1, 2, 1, 'D5'),
(67, 72, '2024-01-05', 'MUSFIK', 1704922043, 1, 2, 1, 'D6'),
(68, 70, '2024-01-05', 'MASUD', 1714460835, 1, 2, 2, 'B10'),
(69, 70, '2024-01-05', 'MASUD', 1714460835, 1, 2, 2, 'B11'),
(70, 70, '2024-01-05', 'MASUD', 1714460835, 1, 2, 2, 'B12'),
(71, 70, '2024-01-05', 'MASUD', 1714460835, 1, 2, 2, 'B13'),
(72, 71, '2024-01-05', 'ARIF', 1711066780, 1, 2, 2, 'B6'),
(73, 71, '2024-01-05', 'ARIF', 1711066780, 1, 2, 2, 'B7'),
(74, 71, '2024-01-05', 'ARIF', 1711066780, 1, 2, 2, 'B8'),
(75, 71, '2024-01-05', 'ARIF', 1711066780, 1, 2, 2, 'B9'),
(81, 81, '2024-01-05', 'DR. ATIK', 1733261975, 1, 2, 2, 'E1'),
(82, 81, '2024-01-05', 'DR. ATIK', 1733261975, 1, 2, 2, 'E2'),
(83, 81, '2024-01-05', 'DR. ATIK', 1733261975, 1, 2, 2, 'E3'),
(84, 81, '2024-01-05', 'DR. ATIK', 1733261975, 1, 2, 2, 'E4'),
(85, 81, '2024-01-05', 'DR. ATIK', 1733261975, 1, 2, 2, 'E5'),
(86, 82, '2024-01-06', 'SADAF', 1706507540, 1, 1, 2, 'C5'),
(87, 82, '2024-01-06', 'SADAF', 1706507540, 1, 1, 2, 'C6'),
(88, 82, '2024-01-06', 'SADAF', 1706507540, 1, 1, 2, 'C7'),
(89, 83, '2024-01-06', 'ARIAN', 1303312207, 1, 1, 1, 'J6'),
(90, 83, '2024-01-06', 'ARIAN', 1303312207, 1, 1, 1, 'J7'),
(91, 84, '2024-01-06', 'MR.ARIF', 1621312501, 1, 1, 1, 'D6'),
(92, 84, '2024-01-06', 'MR.ARIF', 1621312501, 1, 1, 1, 'D7'),
(93, 85, '2024-01-07', 'Dr. Asif Khan', 1710684598, 1, 2, 2, 'H8'),
(94, 85, '2024-01-07', 'Dr. Asif Khan', 1710684598, 1, 2, 2, 'H9'),
(95, 86, '2024-01-07', 'MR.ABU FARDIN', 1842451182, 1, 2, 2, 'VIP5'),
(96, 86, '2024-01-07', 'MR.ABU FARDIN', 1842451182, 1, 2, 2, 'VIP6'),
(97, 87, '2024-01-07', 'MR.JESMIN', 1729675651, 1, 2, 2, 'D6'),
(98, 87, '2024-01-07', 'MR.JESMIN', 1729675651, 1, 2, 2, 'D7'),
(99, 88, '2024-01-07', 'MR. NASIM', 1714460355, 1, 2, 2, 'E5'),
(100, 88, '2024-01-07', 'MR. NASIM', 1714460355, 1, 2, 2, 'E6'),
(101, 88, '2024-01-07', 'MR. NASIM', 1714460355, 1, 2, 2, 'E7'),
(102, 89, '2024-01-07', 'MRS. TWINKLE', 1706072551, 1, 2, 2, 'F5'),
(103, 89, '2024-01-07', 'MRS. TWINKLE', 1706072551, 1, 2, 2, 'F6'),
(104, 89, '2024-01-07', 'MRS. TWINKLE', 1706072551, 1, 2, 2, 'F7'),
(105, 89, '2024-01-07', 'MRS. TWINKLE', 1706072551, 1, 2, 2, 'F8'),
(106, 89, '2024-01-07', 'MRS. TWINKLE', 1706072551, 1, 2, 2, 'F9'),
(107, 90, '2024-01-09', 'AKTER HOSSAIN', 1781651829, 1, 2, 2, 'C6'),
(108, 91, '2024-01-09', 'PRIANKA', 1321146066, 1, 2, 2, 'C8'),
(109, 91, '2024-01-09', 'PRIANKA', 1321146066, 1, 2, 2, 'C9'),
(110, 92, '2024-01-10', 'IT MANAGER', 1911946693, 0, 3, 2, 'A5'),
(111, 92, '2024-01-10', 'IT MANAGER', 1911946693, 0, 3, 2, 'A6'),
(112, 94, '2024-01-10', 'ASHIK SIR', 1727371452, 0, 6, 2, 'C5'),
(113, 94, '2024-01-10', 'ASHIK SIR', 1727371452, 0, 6, 2, 'C6'),
(114, 94, '2024-01-10', 'ASHIK SIR', 1727371452, 0, 6, 2, 'C7'),
(115, 94, '2024-01-10', 'ASHIK SIR', 1727371452, 0, 6, 2, 'C8'),
(116, 94, '2024-01-10', 'ASHIK SIR', 1727371452, 0, 6, 2, 'C9'),
(117, 95, '2024-01-10', 'ASHIK SIR', 1727371452, 0, 6, 2, 'B4'),
(118, 95, '2024-01-10', 'ASHIK SIR', 1727371452, 0, 6, 2, 'B5'),
(119, 95, '2024-01-10', 'ASHIK SIR', 1727371452, 0, 6, 2, 'B6'),
(120, 95, '2024-01-10', 'ASHIK SIR', 1727371452, 0, 6, 2, 'B7'),
(121, 95, '2024-01-10', 'ASHIK SIR', 1727371452, 0, 6, 2, 'B8'),
(122, 95, '2024-01-10', 'ASHIK SIR', 1727371452, 0, 6, 2, 'B9'),
(123, 96, '2024-01-10', 'MR.EMON', 1752742020, 0, 6, 2, 'H7'),
(124, 96, '2024-01-10', 'MR.EMON', 1752742020, 0, 6, 2, 'H8'),
(125, 97, '2024-01-12', 'MST.BUBLI', 1765919293, 0, 6, 2, 'D11'),
(126, 97, '2024-01-12', 'MST.BUBLI', 1765919293, 0, 6, 2, 'D12'),
(127, 97, '2024-01-12', 'MST.BUBLI', 1765919293, 0, 6, 2, 'D13'),
(128, 98, '2024-01-12', 'MR. MITHU', 1919391189, 0, 6, 2, 'B6'),
(129, 98, '2024-01-12', 'MR. MITHU', 1919391189, 0, 6, 2, 'B7'),
(130, 99, '2024-01-11', 'MR.ARIFUL ', 1711022260, 0, 6, 2, 'C4'),
(131, 99, '2024-01-11', 'MR.ARIFUL ', 1711022260, 0, 6, 2, 'C5'),
(132, 99, '2024-01-11', 'MR.ARIFUL ', 1711022260, 0, 6, 2, 'C6'),
(133, 99, '2024-01-11', 'MR.ARIFUL ', 1711022260, 0, 6, 2, 'C7'),
(134, 99, '2024-01-11', 'MR.ARIFUL ', 1711022260, 0, 6, 2, 'C8'),
(135, 100, '2024-01-11', 'MS. SHAKILA', 1747659755, 0, 6, 2, 'D6'),
(136, 100, '2024-01-11', 'MS. SHAKILA', 1747659755, 0, 6, 2, 'D7'),
(137, 101, '2024-01-12', 'MD.MUJAZID', 1614754705, 0, 3, 2, 'B12'),
(138, 101, '2024-01-12', 'MD.MUJAZID', 1614754705, 0, 3, 2, 'B13'),
(139, 102, '2024-01-12', 'ISRAT', 1719550642, 0, 3, 1, 'D6'),
(140, 102, '2024-01-12', 'ISRAT', 1719550642, 0, 3, 1, 'D7'),
(141, 103, '2024-01-12', 'RUHI', 1317098555, 0, 3, 2, 'C6'),
(142, 103, '2024-01-12', 'RUHI', 1317098555, 0, 3, 2, 'C7'),
(143, 103, '2024-01-12', 'RUHI', 1317098555, 0, 3, 2, 'C8'),
(144, 104, '2024-01-12', 'TAMANA', 1716902227, 0, 3, 2, 'C9'),
(145, 104, '2024-01-12', 'TAMANA', 1716902227, 0, 3, 2, 'C10'),
(146, 104, '2024-01-12', 'TAMANA', 1716902227, 0, 3, 2, 'C11'),
(147, 105, '2024-01-12', 'MR.ATIKUR', 1716077346, 0, 3, 2, 'D8'),
(148, 105, '2024-01-12', 'MR.ATIKUR', 1716077346, 0, 3, 2, 'D9'),
(149, 105, '2024-01-12', 'MR.ATIKUR', 1716077346, 0, 3, 2, 'D10'),
(150, 106, '2024-01-12', 'AKM. OLIUL ISLAM', 1712171788, 0, 6, 2, 'C6'),
(151, 106, '2024-01-12', 'AKM. OLIUL ISLAM', 1712171788, 0, 6, 2, 'C7'),
(152, 107, '2024-01-12', 'MR.TOPU', 1721207384, 0, 6, 2, 'C8'),
(153, 107, '2024-01-12', 'MR.TOPU', 1721207384, 0, 6, 2, 'C9'),
(154, 108, '2024-01-12', 'ZARIN', 1798101340, 0, 6, 2, 'C4'),
(155, 108, '2024-01-12', 'ZARIN', 1798101340, 0, 6, 2, 'C5'),
(156, 109, '2024-01-12', 'MR.MASUD ', 1746856809, 0, 6, 2, 'C10'),
(157, 109, '2024-01-12', 'MR.MASUD ', 1746856809, 0, 6, 2, 'C11'),
(158, 109, '2024-01-12', 'MR.MASUD ', 1746856809, 0, 6, 2, 'C12'),
(159, 109, '2024-01-12', 'MR.MASUD ', 1746856809, 0, 6, 2, 'C13'),
(160, 110, '2024-01-14', 'MR.NURUL', 1783988776, 0, 3, 2, 'C6'),
(161, 110, '2024-01-14', 'MR.NURUL', 1783988776, 0, 3, 2, 'C7'),
(162, 111, '2024-01-14', 'MR.RIMON', 1752742020, 0, 3, 2, 'B6'),
(163, 111, '2024-01-14', 'MR.RIMON', 1752742020, 0, 3, 2, 'B7'),
(164, 112, '2024-01-14', 'MR.Ragib', 1629782007, 0, 6, 1, 'J5'),
(165, 112, '2024-01-14', 'MR.Ragib', 1629782007, 0, 6, 1, 'J6'),
(166, 112, '2024-01-14', 'MR.Ragib', 1629782007, 0, 6, 1, 'J7'),
(167, 113, '2024-01-16', 'AZAD', 1716947474, 0, 6, 2, 'C3'),
(168, 113, '2024-01-16', 'AZAD', 1716947474, 0, 6, 2, 'C4'),
(169, 113, '2024-01-16', 'AZAD', 1716947474, 0, 6, 2, 'C5'),
(170, 113, '2024-01-16', 'AZAD', 1716947474, 0, 6, 2, 'C6'),
(171, 113, '2024-01-16', 'AZAD', 1716947474, 0, 6, 2, 'C7'),
(172, 113, '2024-01-16', 'AZAD', 1716947474, 0, 6, 2, 'C8'),
(173, 113, '2024-01-16', 'AZAD', 1716947474, 0, 6, 2, 'C9'),
(174, 113, '2024-01-16', 'AZAD', 1716947474, 0, 6, 2, 'C10'),
(175, 114, '2024-01-16', 'MR. SHAKIL', 1627870824, 0, 6, 2, 'B6'),
(176, 115, '2024-01-16', 'MR. SUBOJ', 1751670971, 0, 6, 2, 'A6'),
(177, 115, '2024-01-16', 'MR. SUBOJ', 1751670971, 0, 6, 2, 'A6'),
(178, 115, '2024-01-16', 'MR. SUBOJ', 1751670971, 0, 6, 2, 'A6'),
(179, 116, '2024-01-16', 'MR. SHOBUJ', 1751670971, 0, 6, 3, 'VIP13'),
(180, 116, '2024-01-16', 'MR. SHOBUJ', 1751670971, 0, 6, 3, 'VIP14'),
(181, 116, '2024-01-16', 'MR. SHOBUJ', 1751670971, 0, 6, 3, 'VIP15'),
(182, 117, '2024-01-19', 'MR.WASIF', 1746857273, 0, 6, 2, 'B6'),
(183, 117, '2024-01-19', 'MR.WASIF', 1746857273, 0, 6, 2, 'B7'),
(184, 117, '2024-01-19', 'MR.WASIF', 1746857273, 0, 6, 2, 'B8'),
(185, 118, '2024-01-18', 'MR. ARIYAN', 1794007851, 0, 3, 2, 'C6'),
(186, 118, '2024-01-18', 'MR. ARIYAN', 1794007851, 0, 3, 2, 'C7'),
(187, 119, '2024-01-17', 'MR. BAPPY', 1740216592, 0, 6, 2, 'C6'),
(188, 119, '2024-01-17', 'MR. BAPPY', 1740216592, 0, 6, 2, 'C7'),
(189, 120, '2024-01-17', 'SIFAT', 1877766977, 0, 6, 2, 'B6'),
(190, 121, '2024-01-18', 'MR. MOON ISLAM', 1745773717, 0, 3, 2, 'D6'),
(191, 122, '2024-01-17', 'MR. MEHERAB', 1920430727, 0, 6, 2, 'C8'),
(192, 123, '2024-01-18', 'POSPO', 1768990109, 0, 3, 2, 'D8'),
(193, 123, '2024-01-18', 'POSPO', 1768990109, 0, 3, 2, 'D9'),
(194, 124, '2024-01-18', 'MR. EVAN', 1328942676, 0, 3, 2, 'C4'),
(195, 125, '2024-01-18', 'MR. AKIB', 1710244164, 0, 3, 1, 'E6'),
(196, 125, '2024-01-18', 'MR. AKIB', 1710244164, 0, 3, 1, 'E7'),
(197, 126, '2024-01-18', 'ANIKA', 1700950889, 0, 3, 2, 'E8'),
(198, 126, '2024-01-18', 'ANIKA', 1700950889, 0, 3, 2, 'E9'),
(199, 127, '2024-01-18', 'MR. ISTIAK', 1759537948, 0, 3, 2, 'E4'),
(200, 128, '2024-01-19', 'MR. SHOHAG', 1736236717, 0, 3, 2, 'C6'),
(201, 128, '2024-01-19', 'MR. SHOHAG', 1736236717, 0, 3, 2, 'C7');

-- --------------------------------------------------------

--
-- Table structure for table `showtime`
--

CREATE TABLE `showtime` (
  `id` int(11) NOT NULL,
  `ShowTime` varchar(100) NOT NULL
) ENGINE=InnoDB DEFAULT CHARSET=utf8mb4;

--
-- Dumping data for table `showtime`
--

INSERT INTO `showtime` (`id`, `ShowTime`) VALUES
(1, '03:00 PM'),
(2, '06:00 PM'),
(3, '09:00 PM');

-- --------------------------------------------------------

--
-- Table structure for table `sitcategory`
--

CREATE TABLE `sitcategory` (
  `id` int(11) NOT NULL,
  `CategoryName` varchar(100) NOT NULL,
  `TicketPrice` decimal(10,2) NOT NULL,
  `Status` int(10) NOT NULL DEFAULT 1
) ENGINE=InnoDB DEFAULT CHARSET=utf8mb4;

--
-- Dumping data for table `sitcategory`
--

INSERT INTO `sitcategory` (`id`, `CategoryName`, `TicketPrice`, `Status`) VALUES
(1, 'Economy ', '350.00', 1),
(2, 'Business', '400.00', 1),
(3, 'VIP Lounge', '700.00', 1);

--
-- Indexes for dumped tables
--

--
-- Indexes for table `accounts`
--
ALTER TABLE `accounts`
  ADD PRIMARY KEY (`id`);

--
-- Indexes for table `homepage`
--
ALTER TABLE `homepage`
  ADD PRIMARY KEY (`id`);

--
-- Indexes for table `moviename`
--
ALTER TABLE `moviename`
  ADD PRIMARY KEY (`id`);

--
-- Indexes for table `reservation`
--
ALTER TABLE `reservation`
  ADD PRIMARY KEY (`id`);

--
-- Indexes for table `showtime`
--
ALTER TABLE `showtime`
  ADD PRIMARY KEY (`id`);

--
-- Indexes for table `sitcategory`
--
ALTER TABLE `sitcategory`
  ADD PRIMARY KEY (`id`);

--
-- AUTO_INCREMENT for dumped tables
--

--
-- AUTO_INCREMENT for table `accounts`
--
ALTER TABLE `accounts`
  MODIFY `id` int(11) NOT NULL AUTO_INCREMENT, AUTO_INCREMENT=70;

--
-- AUTO_INCREMENT for table `homepage`
--
ALTER TABLE `homepage`
  MODIFY `id` int(11) NOT NULL AUTO_INCREMENT, AUTO_INCREMENT=5;

--
-- AUTO_INCREMENT for table `moviename`
--
ALTER TABLE `moviename`
  MODIFY `id` int(11) NOT NULL AUTO_INCREMENT, AUTO_INCREMENT=5;

--
-- AUTO_INCREMENT for table `reservation`
--
ALTER TABLE `reservation`
  MODIFY `id` int(11) NOT NULL AUTO_INCREMENT, AUTO_INCREMENT=202;

--
-- AUTO_INCREMENT for table `showtime`
--
ALTER TABLE `showtime`
  MODIFY `id` int(11) NOT NULL AUTO_INCREMENT, AUTO_INCREMENT=4;

--
-- AUTO_INCREMENT for table `sitcategory`
--
ALTER TABLE `sitcategory`
  MODIFY `id` int(11) NOT NULL AUTO_INCREMENT, AUTO_INCREMENT=4;
COMMIT;

/*!40101 SET CHARACTER_SET_CLIENT=@OLD_CHARACTER_SET_CLIENT */;
/*!40101 SET CHARACTER_SET_RESULTS=@OLD_CHARACTER_SET_RESULTS */;
/*!40101 SET COLLATION_CONNECTION=@OLD_COLLATION_CONNECTION */;
